# x_m,y_m,w_tr_right_m,w_tr_left_m
-93.5,45,5,5
-92.50036,45.000084,5,5
-91.50071,45,5,5
-90.50107,44.999977,5,5
-89.50143,45,5,5
-88.50178,45.000008,5,5
-87.50214,45,5,5
-86.50249,45,5,5
-85.502846,45,5,5
-84.503204,45,5,5
-83.503555,45,5,5
-82.503914,45,5,5
-81.50427,45,5,5
-80.50462,45,5,5
-79.50498,45,5,5
-78.50534,45,5,5
-77.50569,45,5,5
-76.50605,45,5,5
-75.50641,45,5,5
-74.50676,45,5,5
-73.50712,45,5,5
-72.50747,45,5,5
-71.50783,45,5,5
-70.50819,45,5,5
-69.50854,45,5,5
-68.508896,45,5,5
-67.509254,45,5,5
-66.509605,45,5,5
-65.509964,45,5,5
-64.51032,45,5,5
-63.510677,45,5,5
-62.511032,45,5,5
-61.511387,45,5,5
-60.51174,45,5,5
-59.5121,45,5,5
-58.512455,45,5,5
-57.51281,45,5,5
-56.513165,45,5,5
-55.513523,45,5,5
-54.513878,45,5,5
-53.514233,45,5,5
-52.51459,45,5,5
-51.514946,45,5,5
-50.5153,45,5,5
-49.515656,45,5,5
-48.516014,45,5,5
-47.51637,45,5,5
-46.516724,45,5,5
-45.517082,45,5,5
-44.517437,45,5,5
-43.51779,45,5,5
-42.518147,45,5,5
-41.518505,45,5,5
-40.51886,45,5,5
-39.519215,45,5,5
-38.519573,45,5,5
-37.519928,45,5,5
-36.520283,45,5,5
-35.520638,45,5,5
-34.520996,45,5,5
-33.52135,45,5,5
-32.521706,45,5,5
-31.522062,45,5,5
-30.522419,45,5,5
-29.522774,45,5,5
-28.52313,45,5,5
-27.523485,45,5,5
-26.523842,45,5,5
-25.524199,45,5,5
-24.524553,45,5,5
-23.52491,45,5,5
-22.525265,45,5,5
-21.525621,45,5,5
-20.525976,45,5,5
-19.526333,45,5,5
-18.52669,45,5,5
-17.527044,45,5,5
-16.527401,45,5,5
-15.527757,45,5,5
-14.528112,45,5,5
-13.528468,45,5,5
-12.528824,45,5,5
-11.52918,45,5,5
-10.529535,45,5,5
-9.529891,45,5,5
-8.530247,45,5,5
-7.530603,45,5,5
-6.5309587,45,5,5
-5.531315,45,5,5
-4.5316706,45,5,5
-3.5320265,45,5,5
-2.5323822,45,5,5
-1.5327381,45,5,5
-0.533094,45,5,5
0.46655017,45,5,5
1.4661943,45,5,5
2.4658384,45,5,5
3.4654827,45,5,5
4.465127,45,5,5
5.464771,45,5,5
6.464415,45,5,5
7.4640594,45,5,5
8.463703,45,5,5
9.463347,45,5,5
10.462992,45,5,5
11.462636,45,5,5
12.46228,45,5,5
13.461925,45,5,5
14.461568,45,5,5
15.461212,45,5,5
16.460857,45,5,5
17.4605,45,5,5
18.460144,45,5,5
19.45979,45,5,5
20.459433,45,5,5
21.459078,45,5,5
22.458721,45,5,5
23.458366,45,5,5
24.45801,45,5,5
25.457653,45,5,5
26.457298,45,5,5
27.456942,45,5,5
28.456587,45,5,5
29.45623,45,5,5
30.455875,45,5,5
31.455519,45,5,5
32.455162,45,5,5
33.454807,45,5,5
34.454453,45,5,5
35.454094,45,5,5
36.45374,45,5,5
37.453384,45,5,5
38.45303,45,5,5
39.45267,45,5,5
40.452316,45,5,5
41.45196,45,5,5
42.451603,45,5,5
43.45125,45,5,5
44.450893,45,5,5
45.45054,45,5,5
46.45018,45,5,5
47.449825,45,5,5
48.44947,45,5,5
49.449112,45,5,5
50.448757,45,5,5
51.448402,45,5,5
52.448048,45,5,5
53.44769,45,5,5
54.447334,45,5,5
55.44698,45,5,5
56.44662,45,5,5
57.446266,45,5,5
58.44591,45,5,5
59.445557,45,5,5
60.445198,45,5,5
61.444843,45,5,5
62.44449,45,5,5
63.44413,45,5,5
64.44378,45,5,5
65.44342,45,5,5
66.44306,45,5,5
67.44271,45,5,5
68.44235,45,5,5
69.44199,45,5,5
70.44164,45,5,5
71.441284,45,5,5
72.440926,45,5,5
73.440575,45,5,5
74.440216,45,5,5
75.439865,45,5,5
76.43951,45,5,5
77.43915,45,5,5
78.4388,45,5,5
79.43844,45,5,5
80.43808,45,5,5
81.43773,45,5,5
82.43737,45,5,5
83.43701,45,5,5
84.43666,45,5,5
85.4363,45,5,5
86.43594,45,5,5
87.43559,45,5,5
88.435234,45.000004,5,5
89.43488,45,5,5
90.434525,44.999977,5,5
91.434166,44.999996,5,5
92.433815,45.00008,5,5
93.43346,45.000015,5,5
94.4331,44.999454,5,5
95.43274,44.99774,5,5
96.43238,44.994152,5,5
97.43201,44.987953,5,5
98.4316,44.9784,5,5
99.43115,44.964798,5,5
100.43063,44.946617,5,5
101.43001,44.92344,5,5
102.42924,44.89483,5,5
103.42828,44.860355,5,5
104.42709,44.81956,5,5
105.425606,44.77199,5,5
106.423744,44.717197,5,5
107.42144,44.65477,5,5
108.41859,44.584282,5,5
109.41511,44.505325,5,5
110.41088,44.417477,5,5
111.40579,44.32032,5,5
112.3997,44.213436,5,5
113.39246,44.09641,5,5
114.38393,43.968815,5,5
115.37392,43.83023,5,5
116.362236,43.68023,5,5
117.34869,43.518375,5,5
118.33304,43.344234,5,5
119.31505,43.157364,5,5
120.294464,42.957314,5,5
121.270996,42.743637,5,5
122.24434,42.51587,5,5
123.21416,42.27355,5,5
124.1801,42.016212,5,5
125.141785,41.743385,5,5
126.09879,41.45459,5,5
127.05068,41.14935,5,5
127.99698,40.827187,5,5
128.93716,40.487617,5,5
129.8707,40.130173,5,5
130.797,39.75438,5,5
131.71545,39.35977,5,5
132.62537,38.945896,5,5
133.52606,38.512314,5,5
134.4168,38.05861,5,5
135.29677,37.58438,5,5
136.16516,37.089268,5,5
137.0211,36.57293,5,5
137.8637,36.03508,5,5
138.69199,35.475468,5,5
139.505,34.8939,5,5
140.30177,34.290257,5,5
141.08127,33.664463,5,5
141.84245,33.016533,5,5
142.58432,32.34656,5,5
143.30582,31.65472,5,5
144.00598,30.941278,5,5
144.6838,30.206594,5,5
145.33838,29.451118,5,5
145.96883,28.675402,5,5
146.57436,27.880077,5,5
147.15425,27.065868,5,5
147.70787,26.23358,5,5
148.23473,25.384087,5,5
148.73439,24.518322,5,5
149.20657,23.637276,5,5
149.65114,22.741968,5,5
150.06804,21.833448,5,5
150.45737,20.912775,5,5
150.81935,19.981007,5,5
151.15433,19.03919,5,5
151.46272,18.08834,5,5
151.74513,17.129448,5,5
152.00221,16.16345,5,5
152.2347,15.191242,5,5
152.44344,14.213659,5,5
152.62936,13.231477,5,5
152.79344,12.245409,5,5
152.93672,11.256104,5,5
153.06033,10.264146,5,5
153.16537,9.27005,5,5
153.25314,8.274276,5,5
153.32497,7.277225,5,5
153.38213,6.279224,5,5
153.42569,5.280536,5,5
153.45695,4.2813864,5,5
153.47823,3.2819715,5,5
153.4921,2.282425,5,5
153.50072,1.2828188,5,5
153.5045,0.28318283,5,5
153.50345,-0.71645975,5,5
153.49757,-1.7160856,5,5
153.48682,-2.715671,5,5
153.47006,-3.7151728,5,5
153.44478,-4.7144933,5,5
153.4084,-5.7134695,5,5
153.35909,-6.711889,5,5
153.2957,-7.7095137,5,5
153.21713,-8.706056,5,5
153.12206,-9.701156,5,5
153.00911,-10.694385,5,5
152.8771,-11.68526,5,5
152.72493,-12.673237,5,5
152.55151,-13.657704,5,5
152.35582,-14.637984,5,5
152.13689,-15.613337,5,5
151.89384,-16.582958,5,5
151.62589,-17.54599,5,5
151.33228,-18.501514,5,5
151.01242,-19.448572,5,5
150.6658,-20.386162,5,5
150.29199,-21.313248,5,5
149.89073,-22.228785,5,5
149.46185,-23.131708,5,5
149.0053,-24.020962,5,5
148.52118,-24.895508,5,5
148.00969,-25.754337,5,5
147.47118,-26.596487,5,5
146.9061,-27.421041,5,5
146.315,-28.22716,5,5
145.6986,-29.01407,5,5
145.05757,-29.781086,5,5
144.3928,-30.52761,5,5
143.70518,-31.25314,5,5
142.99567,-31.957256,5,5
142.26521,-32.63965,5,5
141.51485,-33.300083,5,5
140.74559,-33.938423,5,5
139.9585,-34.554615,5,5
139.15456,-35.148678,5,5
138.3348,-35.720707,5,5
137.50018,-36.27086,5,5
136.6517,-36.799355,5,5
135.79025,-37.306454,5,5
134.91673,-37.792473,5,5
134.032,-38.25776,5,5
133.13686,-38.70269,5,5
132.23207,-39.127678,5,5
131.31837,-39.533146,5,5
130.39644,-39.919544,5,5
129.46693,-40.287327,5,5
128.53044,-40.636967,5,5
127.58754,-40.96893,5,5
126.63876,-41.2837,5,5
125.68459,-41.581753,5,5
124.72551,-41.86357,5,5
123.76193,-42.129623,5,5
122.794266,-42.380394,5,5
121.822876,-42.61635,5,5
120.848114,-42.837955,5,5
119.87029,-43.04567,5,5
118.88972,-43.239952,5,5
117.906654,-43.42125,5,5
116.92137,-43.59001,5,5
115.93408,-43.746674,5,5
114.945015,-43.891674,5,5
113.95437,-44.025444,5,5
112.96232,-44.148403,5,5
111.96904,-44.260983,5,5
110.97468,-44.363598,5,5
109.97938,-44.45667,5,5
108.98327,-44.540615,5,5
107.986465,-44.61585,5,5
106.98907,-44.682793,5,5
105.99117,-44.74186,5,5
104.99286,-44.79347,5,5
103.99422,-44.838047,5,5
102.99529,-44.876045,5,5
101.99616,-44.907925,5,5
100.99686,-44.934128,5,5
99.99744,-44.955086,5,5
98.997925,-44.97123,5,5
97.99835,-44.982998,5,5
96.99874,-44.99101,5,5
95.99911,-44.995987,5,5
94.999466,-44.998672,5,5
93.999825,-44.999794,5,5
93.000175,-45.00008,5,5
92.000534,-45.000042,5,5
91.00089,-44.999977,5,5
90.00124,-44.99999,5,5
89.0016,-45.000008,5,5
88.00196,-45.000004,5,5
87.00231,-45,5,5
86.00267,-45,5,5
85.00302,-45,5,5
84.00338,-45,5,5
83.00374,-45,5,5
82.00409,-45,5,5
81.00445,-45,5,5
80.00481,-45,5,5
79.00516,-45,5,5
78.005516,-45,5,5
77.005875,-45,5,5
76.006226,-45,5,5
75.006584,-45,5,5
74.00694,-45,5,5
73.00729,-45,5,5
72.00765,-45,5,5
71.008,-45,5,5
70.00836,-45,5,5
69.00872,-45,5,5
68.00907,-45,5,5
67.00943,-45,5,5
66.00979,-45,5,5
65.01014,-45,5,5
64.0105,-45,5,5
63.010853,-45,5,5
62.011208,-45,5,5
61.011566,-45,5,5
60.01192,-45,5,5
59.012276,-45,5,5
58.012634,-45,5,5
57.01299,-45,5,5
56.013344,-45,5,5
55.0137,-45,5,5
54.014057,-45,5,5
53.014412,-45,5,5
52.014767,-45,5,5
51.015125,-45,5,5
50.01548,-45,5,5
49.015835,-45,5,5
48.01619,-45,5,5
47.01655,-45,5,5
46.016903,-45,5,5
45.017258,-45,5,5
44.017616,-45,5,5
43.01797,-45,5,5
42.018326,-45,5,5
41.01868,-45,5,5
40.01904,-45,5,5
39.019394,-45,5,5
38.01975,-45,5,5
37.020107,-45,5,5
36.020462,-45,5,5
35.020817,-45,5,5
34.02117,-45,5,5
33.02153,-45,5,5
32.021885,-45,5,5
31.02224,-45,5,5
30.022596,-45,5,5
29.022953,-45,5,5
28.023308,-45,5,5
27.023664,-45,5,5
26.02402,-45,5,5
25.024376,-45,5,5
24.02473,-45,5,5
23.025087,-45,5,5
22.025444,-45,5,5
21.025799,-45,5,5
20.026155,-45,5,5
19.02651,-45,5,5
18.026867,-45,5,5
17.027222,-45,5,5
16.027578,-45,5,5
15.027934,-45,5,5
14.02829,-45,5,5
13.0286455,-45,5,5
12.029001,-45,5,5
11.029358,-45,5,5
10.029714,-45,5,5
9.030069,-45,5,5
8.030425,-45,5,5
7.030781,-45,5,5
6.031137,-45,5,5
5.0314927,-45,5,5
4.0318484,-45,5,5
3.0322044,-45,5,5
2.03256,-45,5,5
1.0329161,-45,5,5
0.033271898,-45,5,5
-0.96637225,-45,5,5
-1.9660164,-45,5,5
-2.9656606,-45,5,5
-3.9653046,-45,5,5
-4.9649487,-45,5,5
-5.964593,-45,5,5
-6.964237,-45,5,5
-7.9638815,-45,5,5
-8.963526,-45,5,5
-9.96317,-45,5,5
-10.962813,-45,5,5
-11.962458,-45,5,5
-12.962102,-45,5,5
-13.961746,-45,5,5
-14.9613905,-45,5,5
-15.961035,-45,5,5
-16.960678,-45,5,5
-17.960323,-45,5,5
-18.959967,-45,5,5
-19.959612,-45,5,5
-20.959255,-45,5,5
-21.958899,-45,5,5
-22.958544,-45,5,5
-23.958187,-45,5,5
-24.957832,-45,5,5
-25.957476,-45,5,5
-26.95712,-45,5,5
-27.956764,-45,5,5
-28.956408,-45,5,5
-29.956053,-45,5,5
-30.955696,-45,5,5
-31.955341,-45,5,5
-32.954987,-45,5,5
-33.954628,-45,5,5
-34.954273,-45,5,5
-35.95392,-45,5,5
-36.95356,-45,5,5
-37.953205,-45,5,5
-38.95285,-45,5,5
-39.952496,-45,5,5
-40.952137,-45,5,5
-41.951782,-45,5,5
-42.951427,-45,5,5
-43.95107,-45,5,5
-44.950714,-45,5,5
-45.95036,-45,5,5
-46.950005,-45,5,5
-47.949646,-45,5,5
-48.94929,-45,5,5
-49.948936,-45,5,5
-50.94858,-45,5,5
-51.948223,-45,5,5
-52.94787,-45,5,5
-53.947514,-45,5,5
-54.947155,-45,5,5
-55.9468,-45,5,5
-56.946445,-45,5,5
-57.94609,-45,5,5
-58.945732,-45,5,5
-59.945377,-45,5,5
-60.945023,-45,5,5
-61.944664,-45,5,5
-62.94431,-45,5,5
-63.943954,-45,5,5
-64.943596,-45,5,5
-65.943245,-45,5,5
-66.94289,-45,5,5
-67.94253,-45,5,5
-68.94218,-45,5,5
-69.94182,-45,5,5
-70.94146,-45,5,5
-71.94111,-45,5,5
-72.94075,-45,5,5
-73.94039,-45,5,5
-74.94004,-45,5,5
-75.93968,-45,5,5
-76.93933,-45,5,5
-77.93897,-45,5,5
-78.938614,-45,5,5
-79.93826,-45,5,5
-80.937904,-45,5,5
-81.937546,-45,5,5
-82.937195,-45,5,5
-83.93684,-45,5,5
-84.93648,-45,5,5
-85.93613,-45,5,5
-86.93577,-45,5,5
-87.93542,-45.000004,5,5
-88.93506,-45.000008,5,5
-89.9347,-44.99999,5,5
-90.93435,-44.999977,5,5
-91.93399,-45.00004,5,5
-92.93363,-45.000084,5,5
-93.93328,-44.999832,5,5
-94.93292,-44.998787,5,5
-95.93256,-44.996227,5,5
-96.9322,-44.991425,5,5
-97.93181,-44.983643,5,5
-98.93139,-44.972145,5,5
-99.9309,-44.956306,5,5
-100.930336,-44.93568,5,5
-101.92964,-44.90984,5,5
-102.92879,-44.878353,5,5
-103.92773,-44.840775,5,5
-104.92639,-44.79665,5,5
-105.92473,-44.745525,5,5
-106.92265,-44.686966,5,5
-107.92009,-44.62056,5,5
-108.91693,-44.54589,5,5
-109.91309,-44.462536,5,5
-110.908455,-44.370087,5,5
-111.90288,-44.26812,5,5
-112.89623,-44.156216,5,5
-113.88837,-44.03396,5,5
-114.87912,-43.900925,5,5
-115.86829,-43.756683,5,5
-116.855705,-43.60081,5,5
-117.84113,-43.43287,5,5
-118.82435,-43.25242,5,5
-119.8051,-43.059013,5,5
-120.78311,-42.852207,5,5
-121.75809,-42.631542,5,5
-122.72971,-42.396557,5,5
-123.69764,-42.14679,5,5
-124.6615,-41.881763,5,5
-125.6209,-41.601013,5,5
-126.57541,-41.304054,5,5
-127.52456,-40.990414,5,5
-128.46786,-40.659607,5,5
-129.4048,-40.31116,5,5
-130.3348,-39.9446,5,5
-131.25725,-39.559456,5,5
-132.17152,-39.15527,5,5
-133.07692,-38.731594,5,5
-133.97273,-38.288002,5,5
-134.85818,-37.824085,5,5
-135.73247,-37.33946,5,5
-136.59474,-36.83377,5,5
-137.44412,-36.30671,5,5
-138.27968,-35.758007,5,5
-139.10046,-35.18744,5,5
-139.90549,-34.594845,5,5
-140.69374,-33.98013,5,5
-141.46422,-33.34326,5,5
-142.21587,-32.684296,5,5
-142.94768,-32.00336,5,5
-143.65863,-31.30068,5,5
-144.34773,-30.576565,5,5
-145.01405,-29.831423,5,5
-145.65668,-29.065754,5,5
-146.27475,-28.280146,5,5
-146.86755,-27.475285,5,5
-147.43437,-26.651932,5,5
-147.97467,-25.810926,5,5
-148.48798,-24.953178,5,5
-148.97392,-24.079645,5,5
-149.43231,-23.19134,5,5
-149.86305,-22.289293,5,5
-150.26614,-21.374563,5,5
-150.64177,-20.448214,5,5
-150.99019,-19.51129,5,5
-151.31181,-18.56483,5,5
-151.60715,-17.60984,5,5
-151.87679,-16.64728,5,5
-152.12148,-15.678069,5,5
-152.34198,-14.703073,5,5
-152.5392,-13.723097,5,5
-152.71407,-12.738887,5,5
-152.86761,-11.751123,5,5
-153.00092,-10.760424,5,5
-153.1151,-9.767335,5,5
-153.21133,-8.7723465,5,5
-153.29095,-7.775888,5,5
-153.35532,-6.778326,5,5
-153.40553,-5.7799516,5,5
-153.44273,-4.7810054,5,5
-153.46867,-3.781702,5,5
-153.48592,-2.7822087,5,5
-153.49701,-1.7826271,5,5
-153.50322,-0.78300315,5,5
-153.50458,0.2166391,5,5
-153.50111,1.2162763,5,5
-153.49281,2.215885,5,5
-153.47934,3.2154372,5,5
-153.45865,4.2148643,5,5
-153.42813,5.2140374,5,5
-153.38544,6.212763,5,5
-153.32922,7.2108173,5,5
-153.25839,8.207941,5,5
-153.17174,9.203811,5,5
-153.06789,10.198032,5,5
-152.94556,11.190149,5,5
-152.8036,12.179647,5,5
-152.64095,13.16595,5,5
-152.45651,14.148413,5,5
-152.24931,15.126326,5,5
-152.01843,16.098917,5,5
-151.76303,17.065353,5,5
-151.48233,18.02475,5,5
-151.17567,18.976164,5,5
-150.84248,19.918613,5,5
-150.48232,20.851084,5,5
-150.09482,21.772528,5,5
-149.67975,22.681889,5,5
-149.23703,23.57811,5,5
-148.76668,24.460136,5,5
-148.26883,25.326948,5,5
-147.74379,26.177557,5,5
-147.19193,27.011017,5,5
-146.61377,27.826456,5,5
-146.00992,28.62306,5,5
-145.3811,29.400105,5,5
-144.7281,30.156944,5,5
-144.0518,30.893028,5,5
-143.3531,31.607897,5,5
-142.633,32.301186,5,5
-141.89246,32.97262,5,5
-141.13252,33.62202,5,5
-140.35422,34.249287,5,5
-139.55856,34.854404,5,5
-138.74658,35.43744,5,5
-137.91928,35.998505,5,5
-137.07762,36.5378,5,5
-136.22253,37.05556,5,5
-135.35495,37.55208,5,5
-134.47572,38.027683,5,5
-133.58568,38.482742,5,5
-132.68562,38.91765,5,5
-131.77629,39.332825,5,5
-130.8584,39.7287,5,5
-129.9326,40.105732,5,5
-128.99953,40.464386,5,5
-128.05975,40.805126,5,5
-127.11385,41.128433,5,5
-126.16232,41.434784,5,5
-125.20564,41.724663,5,5
-124.244255,41.99854,5,5
-123.27859,42.256893,5,5
-122.30901,42.500195,5,5
-121.33589,42.728916,5,5
-120.359566,42.94352,5,5
-119.38033,43.144463,5,5
-118.39848,43.332195,5,5
-117.414276,43.50717,5,5
-116.42796,43.669827,5,5
-115.43976,43.820606,5,5
-114.449875,43.959938,5,5
-113.4585,44.08825,5,5
-112.46582,44.205967,5,5
-111.471985,44.31351,5,5
-110.477135,44.4113,5,5
-109.481415,44.499756,5,5
-108.48495,44.579296,5,5
-107.48783,44.650333,5,5
-106.49017,44.713284,5,5
-105.492065,44.76857,5,5
-104.493576,44.81661,5,5
-103.49478,44.85784,5,5
-102.49575,44.892723,5,5
-101.49653,44.921707,5,5
-100.49716,44.945236,5,5
-99.49769,44.963734,5,5
-98.49814,44.97763,5,5
-97.49854,44.987427,5,5
-96.498924,44.99383,5,5
-95.49928,44.99757,5,5
-94.49964,44.999382,5,5
